video,content,resolution,bitrate
M5_I_want_to_learn_to_fish_res=1080_bitrate=0.8.avi,M5_I_want_to_learn_to_fish,1080,0.8
F12_matching_pattern_res=480_bitrate=2.avi,F12_matching_pattern,480,2
M7_how_about_cooking_meals_res=360_bitrate=0.8.avi,M7_how_about_cooking_meals,360,0.8
F7_how_do_I_put_this_res=480_bitrate=0.25.avi,F7_how_do_I_put_this,480,0.25
M5_I_want_to_learn_to_fish_res=480_bitrate=0.8.avi,M5_I_want_to_learn_to_fish,480,0.8
F2_switchback_res=720_bitrate=0.25.avi,F2_switchback,720,0.25
M5_I_want_to_learn_to_fish_res=480_bitrate=0.25.avi,M5_I_want_to_learn_to_fish,480,0.25
M1_scooby_doo_res=1080_bitrate=2.avi,M1_scooby_doo,1080,2
F9_around_7_blocks_res=720_bitrate=2.avi,F9_around_7_blocks,720,2
F5_crimson_res=720_bitrate=0.8.avi,F5_crimson,720,0.8
M7_how_about_cooking_meals_res=480_bitrate=0.8.avi,M7_how_about_cooking_meals,480,0.8
M1_scooby_doo_res=360_bitrate=0.8.avi,M1_scooby_doo,360,0.8
F9_around_7_blocks_res=1080_bitrate=reference.avi,F9_around_7_blocks,1080,reference
F3_wican_versus_religion_res=360_bitrate=0.8.avi,F3_wican_versus_religion,360,0.8
F3_very_different_res=1080_bitrate=reference.avi,F3_very_different,1080,reference
F5_crimson_res=480_bitrate=0.8.avi,F5_crimson,480,0.8
F11_between_11_and_35_res=1080_bitrate=reference.avi,F11_between_11_and_35,1080,reference
M7_performing_CPR_res=480_bitrate=0.25.avi,M7_performing_CPR,480,0.25
F7_how_do_I_put_this_res=1080_bitrate=reference.avi,F7_how_do_I_put_this,1080,reference
M1_scooby_doo_res=480_bitrate=0.8.avi,M1_scooby_doo,480,0.8
F3_wican_versus_religion_res=720_bitrate=2.avi,F3_wican_versus_religion,720,2
F7_how_do_I_put_this_res=1080_bitrate=2.avi,F7_how_do_I_put_this,1080,2
F5_scuba_aquarium_res=1080_bitrate=reference.avi,F5_scuba_aquarium,1080,reference
M7_how_about_cooking_meals_res=1080_bitrate=reference.avi,M7_how_about_cooking_meals,1080,reference
M4_four_tvs_res=480_bitrate=0.25.avi,M4_four_tvs,480,0.25
M7_how_about_cooking_meals_res=1080_bitrate=0.8.avi,M7_how_about_cooking_meals,1080,0.8
M4_four_tvs_res=480_bitrate=0.8.avi,M4_four_tvs,480,0.8
F12_buttons_on_sleeve_res=1080_bitrate=2.avi,F12_buttons_on_sleeve,1080,2
F12_matching_pattern_res=480_bitrate=0.25.avi,F12_matching_pattern,480,0.25
M7_performing_CPR_res=1080_bitrate=2.avi,M7_performing_CPR,1080,2
F3_wican_versus_religion_res=1080_bitrate=2.avi,F3_wican_versus_religion,1080,2
F12_matching_pattern_res=1080_bitrate=reference.avi,F12_matching_pattern,1080,reference
M1_scooby_doo_res=1080_bitrate=0.8.avi,M1_scooby_doo,1080,0.8
F5_crimson_res=720_bitrate=2.avi,F5_crimson,720,2
F3_very_different_res=480_bitrate=2.avi,F3_very_different,480,2
M1_scooby_doo_res=720_bitrate=0.25.avi,M1_scooby_doo,720,0.25
M7_how_about_cooking_meals_res=720_bitrate=2.avi,M7_how_about_cooking_meals,720,2
F7_how_do_I_put_this_res=360_bitrate=0.8.avi,F7_how_do_I_put_this,360,0.8
M7_performing_CPR_res=1080_bitrate=0.8.avi,M7_performing_CPR,1080,0.8
F3_very_different_res=360_bitrate=0.8.avi,F3_very_different,360,0.8
M7_performing_CPR_res=360_bitrate=0.8.avi,M7_performing_CPR,360,0.8
F2_switchback_res=1080_bitrate=0.8.avi,F2_switchback,1080,0.8
F5_scuba_aquarium_res=1080_bitrate=0.8.avi,F5_scuba_aquarium,1080,0.8
M4_four_tvs_res=1080_bitrate=2.avi,M4_four_tvs,1080,2
F12_buttons_on_sleeve_res=1080_bitrate=reference.avi,F12_buttons_on_sleeve,1080,reference
F11_between_11_and_35_res=360_bitrate=0.8.avi,F11_between_11_and_35,360,0.8
M1_scooby_doo_res=1080_bitrate=reference.avi,M1_scooby_doo,1080,reference
F5_crimson_res=1080_bitrate=0.8.avi,F5_crimson,1080,0.8
F9_around_7_blocks_res=1080_bitrate=0.8.avi,F9_around_7_blocks,1080,0.8
F5_scuba_aquarium_res=720_bitrate=0.8.avi,F5_scuba_aquarium,720,0.8
F5_crimson_res=1080_bitrate=reference.avi,F5_crimson,1080,reference
F3_wican_versus_religion_res=480_bitrate=0.25.avi,F3_wican_versus_religion,480,0.25
M4_four_tvs_res=1080_bitrate=0.8.avi,M4_four_tvs,1080,0.8
F11_between_11_and_35_res=480_bitrate=0.8.avi,F11_between_11_and_35,480,0.8
F7_how_do_I_put_this_res=720_bitrate=0.25.avi,F7_how_do_I_put_this,720,0.25
F5_scuba_aquarium_res=720_bitrate=2.avi,F5_scuba_aquarium,720,2
F5_crimson_res=720_bitrate=0.25.avi,F5_crimson,720,0.25
F3_very_different_res=1080_bitrate=0.8.avi,F3_very_different,1080,0.8
F5_scuba_aquarium_res=480_bitrate=2.avi,F5_scuba_aquarium,480,2
M7_performing_CPR_res=720_bitrate=2.avi,M7_performing_CPR,720,2
F3_wican_versus_religion_res=720_bitrate=0.25.avi,F3_wican_versus_religion,720,0.25
M4_four_tvs_res=720_bitrate=0.25.avi,M4_four_tvs,720,0.25
F5_scuba_aquarium_res=360_bitrate=0.8.avi,F5_scuba_aquarium,360,0.8
F12_matching_pattern_res=1080_bitrate=2.avi,F12_matching_pattern,1080,2
F3_very_different_res=480_bitrate=0.25.avi,F3_very_different,480,0.25
M5_I_want_to_learn_to_fish_res=1080_bitrate=reference.avi,M5_I_want_to_learn_to_fish,1080,reference
F11_between_11_and_35_res=720_bitrate=0.25.avi,F11_between_11_and_35,720,0.25
F12_matching_pattern_res=720_bitrate=0.8.avi,F12_matching_pattern,720,0.8
M7_how_about_cooking_meals_res=1080_bitrate=2.avi,M7_how_about_cooking_meals,1080,2
F12_matching_pattern_res=720_bitrate=0.25.avi,F12_matching_pattern,720,0.25
F11_between_11_and_35_res=1080_bitrate=2.avi,F11_between_11_and_35,1080,2
M5_I_want_to_learn_to_fish_res=480_bitrate=2.avi,M5_I_want_to_learn_to_fish,480,2
M7_how_about_cooking_meals_res=480_bitrate=0.25.avi,M7_how_about_cooking_meals,480,0.25
F5_crimson_res=360_bitrate=0.8.avi,F5_crimson,360,0.8
F9_around_7_blocks_res=720_bitrate=0.25.avi,F9_around_7_blocks,720,0.25
F3_very_different_res=1080_bitrate=2.avi,F3_very_different,1080,2
F9_around_7_blocks_res=480_bitrate=0.8.avi,F9_around_7_blocks,480,0.8
M7_how_about_cooking_meals_res=720_bitrate=0.25.avi,M7_how_about_cooking_meals,720,0.25
M1_scooby_doo_res=720_bitrate=2.avi,M1_scooby_doo,720,2
M4_four_tvs_res=720_bitrate=0.8.avi,M4_four_tvs,720,0.8
M1_scooby_doo_res=480_bitrate=2.avi,M1_scooby_doo,480,2
F7_how_do_I_put_this_res=1080_bitrate=0.8.avi,F7_how_do_I_put_this,1080,0.8
F9_around_7_blocks_res=720_bitrate=0.8.avi,F9_around_7_blocks,720,0.8
M4_four_tvs_res=1080_bitrate=reference.avi,M4_four_tvs,1080,reference
M7_performing_CPR_res=1080_bitrate=reference.avi,M7_performing_CPR,1080,reference
F3_very_different_res=480_bitrate=0.8.avi,F3_very_different,480,0.8
F9_around_7_blocks_res=360_bitrate=0.8.avi,F9_around_7_blocks,360,0.8
M5_I_want_to_learn_to_fish_res=720_bitrate=2.avi,M5_I_want_to_learn_to_fish,720,2
M7_how_about_cooking_meals_res=720_bitrate=0.8.avi,M7_how_about_cooking_meals,720,0.8
F12_buttons_on_sleeve_res=1080_bitrate=0.8.avi,F12_buttons_on_sleeve,1080,0.8
M4_four_tvs_res=720_bitrate=2.avi,M4_four_tvs,720,2
F5_crimson_res=1080_bitrate=2.avi,F5_crimson,1080,2
F11_between_11_and_35_res=720_bitrate=0.8.avi,F11_between_11_and_35,720,0.8
F3_wican_versus_religion_res=1080_bitrate=0.8.avi,F3_wican_versus_religion,1080,0.8
M7_performing_CPR_res=720_bitrate=0.8.avi,M7_performing_CPR,720,0.8
F11_between_11_and_35_res=480_bitrate=0.25.avi,F11_between_11_and_35,480,0.25
F12_matching_pattern_res=360_bitrate=0.8.avi,F12_matching_pattern,360,0.8
F2_switchback_res=480_bitrate=0.25.avi,F2_switchback,480,0.25
F12_matching_pattern_res=480_bitrate=0.8.avi,F12_matching_pattern,480,0.8
M1_scooby_doo_res=720_bitrate=0.8.avi,M1_scooby_doo,720,0.8
M4_four_tvs_res=360_bitrate=0.8.avi,M4_four_tvs,360,0.8
F2_switchback_res=480_bitrate=0.8.avi,F2_switchback,480,0.8
M4_four_tvs_res=480_bitrate=2.avi,M4_four_tvs,480,2
F7_how_do_I_put_this_res=720_bitrate=2.avi,F7_how_do_I_put_this,720,2
F2_switchback_res=480_bitrate=2.avi,F2_switchback,480,2
F9_around_7_blocks_res=480_bitrate=0.25.avi,F9_around_7_blocks,480,0.25
F12_matching_pattern_res=1080_bitrate=0.8.avi,F12_matching_pattern,1080,0.8
M7_performing_CPR_res=480_bitrate=0.8.avi,M7_performing_CPR,480,0.8
F9_around_7_blocks_res=480_bitrate=2.avi,F9_around_7_blocks,480,2
M5_I_want_to_learn_to_fish_res=720_bitrate=0.8.avi,M5_I_want_to_learn_to_fish,720,0.8
F3_very_different_res=720_bitrate=0.25.avi,F3_very_different,720,0.25
F7_how_do_I_put_this_res=480_bitrate=2.avi,F7_how_do_I_put_this,480,2
F3_very_different_res=720_bitrate=0.8.avi,F3_very_different,720,0.8
F5_scuba_aquarium_res=480_bitrate=0.8.avi,F5_scuba_aquarium,480,0.8
F3_very_different_res=720_bitrate=2.avi,F3_very_different,720,2
M5_I_want_to_learn_to_fish_res=1080_bitrate=2.avi,M5_I_want_to_learn_to_fish,1080,2
F5_crimson_res=480_bitrate=2.avi,F5_crimson,480,2
M7_performing_CPR_res=480_bitrate=2.avi,M7_performing_CPR,480,2
F3_wican_versus_religion_res=1080_bitrate=reference.avi,F3_wican_versus_religion,1080,reference
F11_between_11_and_35_res=720_bitrate=2.avi,F11_between_11_and_35,720,2
F5_crimson_res=480_bitrate=0.25.avi,F5_crimson,480,0.25
F12_buttons_on_sleeve_res=720_bitrate=0.25.avi,F12_buttons_on_sleeve,720,0.25
F5_scuba_aquarium_res=1080_bitrate=2.avi,F5_scuba_aquarium,1080,2
F3_wican_versus_religion_res=480_bitrate=2.avi,F3_wican_versus_religion,480,2
F2_switchback_res=360_bitrate=0.8.avi,F2_switchback,360,0.8
F12_buttons_on_sleeve_res=480_bitrate=0.25.avi,F12_buttons_on_sleeve,480,0.25
F11_between_11_and_35_res=480_bitrate=2.avi,F11_between_11_and_35,480,2
M1_scooby_doo_res=480_bitrate=0.25.avi,M1_scooby_doo,480,0.25
F12_buttons_on_sleeve_res=480_bitrate=2.avi,F12_buttons_on_sleeve,480,2
F5_scuba_aquarium_res=720_bitrate=0.25.avi,F5_scuba_aquarium,720,0.25
F12_matching_pattern_res=720_bitrate=2.avi,F12_matching_pattern,720,2
F9_around_7_blocks_res=1080_bitrate=2.avi,F9_around_7_blocks,1080,2
F12_buttons_on_sleeve_res=360_bitrate=0.8.avi,F12_buttons_on_sleeve,360,0.8
F2_switchback_res=1080_bitrate=2.avi,F2_switchback,1080,2
F12_buttons_on_sleeve_res=720_bitrate=2.avi,F12_buttons_on_sleeve,720,2
F2_switchback_res=720_bitrate=2.avi,F2_switchback,720,2
M7_how_about_cooking_meals_res=480_bitrate=2.avi,M7_how_about_cooking_meals,480,2
F7_how_do_I_put_this_res=480_bitrate=0.8.avi,F7_how_do_I_put_this,480,0.8
F12_buttons_on_sleeve_res=480_bitrate=0.8.avi,F12_buttons_on_sleeve,480,0.8
F2_switchback_res=1080_bitrate=reference.avi,F2_switchback,1080,reference
F7_how_do_I_put_this_res=720_bitrate=0.8.avi,F7_how_do_I_put_this,720,0.8
F12_buttons_on_sleeve_res=720_bitrate=0.8.avi,F12_buttons_on_sleeve,720,0.8
F2_switchback_res=720_bitrate=0.8.avi,F2_switchback,720,0.8
M5_I_want_to_learn_to_fish_res=360_bitrate=0.8.avi,M5_I_want_to_learn_to_fish,360,0.8
F5_scuba_aquarium_res=480_bitrate=0.25.avi,F5_scuba_aquarium,480,0.25
F3_wican_versus_religion_res=480_bitrate=0.8.avi,F3_wican_versus_religion,480,0.8
M5_I_want_to_learn_to_fish_res=720_bitrate=0.25.avi,M5_I_want_to_learn_to_fish,720,0.25
F3_wican_versus_religion_res=720_bitrate=0.8.avi,F3_wican_versus_religion,720,0.8
M7_performing_CPR_res=720_bitrate=0.25.avi,M7_performing_CPR,720,0.25
F11_between_11_and_35_res=1080_bitrate=0.8.avi,F11_between_11_and_35,1080,0.8
